Filename,WindSpeed,Power,Thrust,Ct,Samples
case_Dir0_Ang0_Spd0p1.out,0.09999999999999999,0.0,-3.1915920414229295,0.0,20001
case_Dir0_Ang0_Spd0p2.out,0.19999999999999998,0.0,0.8395169113994301,0.0,20001
case_Dir0_Ang0_Spd0p3.out,0.3,0.0,5.418338606024699,0.0,20001
case_Dir0_Ang0_Spd0p4.out,0.39999999999999997,0.0,9.995561216824159,0.0,20001
case_Dir0_Ang0_Spd0p5.out,0.5,0.0,13.793483038648068,0.0,20001
case_Dir0_Ang0_Spd0p6.out,0.6,0.0,17.410696633346333,0.0,20001
case_Dir0_Ang0_Spd0p7.out,0.7000000000000001,0.0,18.720682814309285,0.0,20001
case_Dir0_Ang0_Spd0p8.out,0.7999999999999999,0.0,20.757954169241536,0.0,20001
case_Dir0_Ang0_Spd0p9.out,0.9,0.0,22.14212765321734,0.0,20001
case_Dir0_Ang0_Spd10p0.out,10.0,3219.874756262187,568.8390830458477,0.7448217719210232,20001
case_Dir0_Ang0_Spd10p1.out,10.1,3315.7200639968,579.8605369731513,0.7442926686566143,20001
case_Dir0_Ang0_Spd10p2.out,10.200000000000001,3413.3577321133944,590.9593970301485,0.7437384506578134,20001
case_Dir0_Ang0_Spd10p3.out,10.299999999999999,3512.8304584770763,602.1885305734713,0.7432261223891355,20001
case_Dir0_Ang0_Spd10p4.out,10.4,3614.1169441527923,613.4012749362533,0.7425760381771632,20001
case_Dir0_Ang0_Spd10p5.out,10.5,3717.4765761711915,624.6231588420579,0.7418266300233874,20001
case_Dir0_Ang0_Spd10p6.out,10.6,3824.5798710064496,634.0129743512824,0.7388382145599864,20001
case_Dir0_Ang0_Spd10p7.out,10.700000000000001,3933.146792660367,643.4032598370082,0.7358319429926861,20001
case_Dir0_Ang0_Spd10p8.out,10.799999999999999,4043.5499225038748,652.8715864206789,0.7328974193987234,20001
case_Dir0_Ang0_Spd10p9.out,10.900000000000002,4155.6357682115895,662.404814759262,0.7300177501551165,20001
case_Dir0_Ang0_Spd11p0.out,11.0,4269.237788110595,671.9500474976252,0.7271341703741586,20001
case_Dir0_Ang0_Spd11p1.out,11.099999999999998,4384.21608919554,681.5341282935854,0.7242768199753765,20001
case_Dir0_Ang0_Spd11p2.out,11.200000000000001,4500.490325483725,691.1411779411029,0.7214291042680007,20001
case_Dir0_Ang0_Spd11p3.out,11.299999999999999,4617.980250987451,700.7221188940553,0.7185415309822791,20001
case_Dir0_Ang0_Spd11p4.out,11.400000000000002,4736.794510274486,710.3364131793411,0.715677412539812,20001
case_Dir0_Ang0_Spd11p5.out,11.5,4856.984900754962,719.9560271986401,0.7128090852711833,20001
case_Dir0_Ang0_Spd11p6.out,11.599999999999998,4978.7599620019,729.5824908754563,0.7099395317724017,20001
case_Dir0_Ang0_Spd11p7.out,11.700000000000001,4997.550122493875,692.5204789760513,0.6624053517959243,20001
case_Dir0_Ang0_Spd11p8.out,11.799999999999999,4977.128993550323,684.0202589870506,0.6432323606389891,20001
case_Dir0_Ang0_Spd11p9.out,11.900000000000002,4984.443877806109,657.4973651317434,0.6079432338930023,20001
case_Dir0_Ang0_Spd12p0.out,12.0,4997.2398880056,642.829963501825,0.5845162038616633,20001
case_Dir0_Ang0_Spd12p1.out,12.099999999999998,5000.7020648967555,627.9317134143292,0.5615709221901686,20001
case_Dir0_Ang0_Spd12p2.out,12.200000000000001,5000.8690565471725,612.94000299985,0.539214100035866,20001
case_Dir0_Ang0_Spd12p3.out,12.299999999999999,5000.848307584621,599.6750062496875,0.5190015571005909,20001
case_Dir0_Ang0_Spd12p4.out,12.400000000000002,5000.8414079296035,588.2078496075196,0.5008992493888139,20001
case_Dir0_Ang0_Spd12p5.out,12.5,5001.132843357832,579.0902804859757,0.4852764155422624,20001
case_Dir0_Ang0_Spd12p6.out,12.599999999999998,5000.891305434729,568.486070696465,0.4688583695872231,20001
case_Dir0_Ang0_Spd12p7.out,12.700000000000001,5000.647367631618,558.7883205839707,0.4536310920928564,20001
case_Dir0_Ang0_Spd12p8.out,12.799999999999999,5000.447627618619,549.8536473176341,0.4394304080260268,20001
case_Dir0_Ang0_Spd12p9.out,12.900000000000002,5000.250887455627,541.6022198890056,0.4261514303928837,20001
case_Dir0_Ang0_Spd13p0.out,13.0,5000.106644667767,533.907239638018,0.413658583601171,20001
case_Dir0_Ang0_Spd13p1.out,13.099999999999998,4999.997850107495,526.6812159392031,0.40185388711163056,20001
case_Dir0_Ang0_Spd13p2.out,13.200000000000001,4999.9095545222735,519.8648517574121,0.3906659214982696,20001
case_Dir0_Ang0_Spd13p3.out,13.299999999999999,4999.805659717014,513.4027348632568,0.3800299558609272,20001
case_Dir0_Ang0_Spd13p4.out,13.4,4999.749062546873,507.26219689015545,0.36990128232928265,20001
case_Dir0_Ang0_Spd13p5.out,13.5,4999.694965251738,501.4028198590071,0.3602319014247312,20001
case_Dir0_Ang0_Spd13p6.out,13.6,4999.669566521674,495.7918854057297,0.35098174838461643,20001
case_Dir0_Ang0_Spd13p7.out,13.700000000000001,4999.6380180990955,490.4031298435078,0.3421172987480497,20001
case_Dir0_Ang0_Spd13p8.out,13.799999999999999,4999.61171941403,485.22403379831013,0.33361615020854596,20001
case_Dir0_Ang0_Spd13p9.out,13.9,4999.621568921554,480.21019949002545,0.3254353418188288,20001
case_Dir0_Ang0_Spd14p0.out,14.0,4999.607569621519,475.3431678416079,0.31755146461273265,20001
case_Dir0_Ang0_Spd14p1.out,14.1,4999.610569471526,470.63427828608565,0.3099618651615827,20001
case_Dir0_Ang0_Spd14p2.out,14.200000000000001,4999.6230688465575,466.0428428578571,0.3026300777224942,20001
case_Dir0_Ang0_Spd14p3.out,14.299999999999999,4999.6357682115895,461.5522573871306,0.29553691788710984,20001
case_Dir0_Ang0_Spd14p4.out,14.4,4999.643467826609,457.15362731863405,0.2886689823747688,20001
case_Dir0_Ang0_Spd14p5.out,14.5,4999.6676666166695,452.8559572021399,0.2820246156560239,20001
case_Dir0_Ang0_Spd14p6.out,14.6,4999.679216039198,448.6591570421479,0.27559653933345957,20001
case_Dir0_Ang0_Spd14p7.out,14.700000000000001,4999.68801559922,444.5356932153393,0.2693611164725847,20001
case_Dir0_Ang0_Spd14p8.out,14.799999999999999,4999.69621518924,440.5388880555973,0.2633441988662362,20001
case_Dir0_Ang0_Spd14p9.out,14.9,4999.704414779261,436.64968751562424,0.2575274646397608,20001
case_Dir0_Ang0_Spd15p0.out,15.0,4999.708864556772,432.8182790860457,0.25187554962139047,20001
case_Dir0_Ang0_Spd15p1.out,15.1,4999.706614669267,429.0703314834258,0.24639819757497217,20001
case_Dir0_Ang0_Spd15p2.out,15.200000000000001,4999.715314234289,425.42984350782467,0.24110360912525805,20001
case_Dir0_Ang0_Spd15p3.out,15.299999999999999,4999.741862906854,421.89390030498475,0.23598441399354525,20001
case_Dir0_Ang0_Spd15p4.out,15.4,4999.757162141893,418.4307534623269,0.23101761190868392,20001
case_Dir0_Ang0_Spd15p5.out,15.5,4999.7728613569325,415.0487475626219,0.22620314911075481,20001
case_Dir0_Ang0_Spd15p6.out,15.6,4999.776461176941,411.7541772911354,0.2215397965186631,20001
case_Dir0_Ang0_Spd15p7.out,15.700000000000001,4999.786160691965,408.49763011849404,0.2169967212645272,20001
case_Dir0_Ang0_Spd15p8.out,15.799999999999999,4999.795310234488,405.32493375331234,0.21259452794128839,20001
case_Dir0_Ang0_Spd15p9.out,15.9,4999.808359582021,402.25692215389233,0.20833978565934486,20001
case_Dir0_Ang0_Spd16p0.out,16.0,4999.812209389531,399.2579621018949,0.20420978860824832,20001
case_Dir0_Ang0_Spd16p1.out,16.099999999999998,4999.814909254537,396.3095495225239,0.2001915400550749,20001
case_Dir0_Ang0_Spd16p2.out,16.2,4999.816559172042,393.4356732163392,0.19629382670317982,20001
case_Dir0_Ang0_Spd16p3.out,16.3,4999.817659117044,390.6338933053347,0.19251193029440652,20001
case_Dir0_Ang0_Spd16p4.out,16.400000000000002,4999.830308484576,387.8915704214789,0.1888363428556904,20001
case_Dir0_Ang0_Spd16p5.out,16.5,4999.847657617119,385.19740012999347,0.1852586069897938,20001
case_Dir0_Ang0_Spd16p6.out,16.599999999999998,4999.855257237138,382.6214789260537,0.18180930444124388,20001
case_Dir0_Ang0_Spd16p7.out,16.7,4999.859657017149,380.2067296635168,0.17850475638374114,20001
case_Dir0_Ang0_Spd16p8.out,16.8,4999.860506974651,377.91594420278983,0.17532328001960967,20001
case_Dir0_Ang0_Spd16p9.out,16.900000000000002,4999.863006849658,375.74291285435726,0.1722583662592494,20001
case_Dir0_Ang0_Spd17p0.out,17.0,4999.870106494675,373.703194840258,0.1693136231557176,20001
case_Dir0_Ang0_Spd17p1.out,17.099999999999998,4999.87595620219,371.72106894655263,0.1664515685021147,20001
case_Dir0_Ang0_Spd17p2.out,17.2,4999.880605969702,369.78119594020296,0.16366313437233393,20001
case_Dir0_Ang0_Spd17p3.out,17.3,4999.886605669716,367.8835058247088,0.1609463179788259,20001
case_Dir0_Ang0_Spd17p4.out,17.400000000000002,4999.885955702215,366.01769411529426,0.1582947529765784,20001
case_Dir0_Ang0_Spd17p5.out,17.5,4999.886155692216,364.1843007849608,0.15570697170665732,20001
case_Dir0_Ang0_Spd17p6.out,17.599999999999998,4999.885505724714,362.38769561521923,0.15318316663420933,20001
case_Dir0_Ang0_Spd17p7.out,17.7,4999.886605669716,360.63015349232535,0.15072262157328292,20001
case_Dir0_Ang0_Spd17p8.out,17.8,4999.8893055347235,358.9066046697665,0.14832159296543593,20001
case_Dir0_Ang0_Spd17p9.out,17.900000000000002,4999.891505424729,357.21962401879904,0.14597960441428617,20001
case_Dir0_Ang0_Spd18p0.out,18.0,4999.890605469726,355.566401679916,0.14369400247929778,20001
case_Dir0_Ang0_Spd18p1.out,18.099999999999998,4999.890005499725,353.9482575871206,0.14146387962003285,20001
case_Dir0_Ang0_Spd18p2.out,18.2,4999.893155342233,352.361581920904,0.13928639894917938,20001
case_Dir0_Ang0_Spd18p3.out,18.3,4999.894505274736,350.8123543822809,0.1371625767422614,20001
case_Dir0_Ang0_Spd18p4.out,18.400000000000002,4999.892405379731,349.3046097695115,0.13509261436447292,20001
case_Dir0_Ang0_Spd18p5.out,18.5,4999.900504974751,347.83182340882956,0.13307264586617143,20001
case_Dir0_Ang0_Spd18p6.out,18.599999999999998,4999.90375481226,346.3962401879906,0.13110227150491166,20001
case_Dir0_Ang0_Spd18p7.out,18.7,4999.902704864757,344.9986100694965,0.12918053168127894,20001
case_Dir0_Ang0_Spd18p8.out,18.8,4999.893955302235,343.62541372931355,0.1273012044111859,20001
case_Dir0_Ang0_Spd18p9.out,18.900000000000002,4999.895055247238,342.2781560921954,0.12546382125587238,20001
case_Dir0_Ang0_Spd19p0.out,19.0,4999.901254937253,340.9572971351433,0.12366754034036874,20001
case_Dir0_Ang0_Spd19p1.out,19.099999999999998,4999.896805159742,339.67921103944803,0.12191725306917273,20001
case_Dir0_Ang0_Spd19p2.out,19.2,4999.899605019749,338.44523273836313,0.12021229240196919,20001
case_Dir0_Ang0_Spd19p3.out,19.3,4999.8975051247435,337.1924453777311,0.11852941836026482,20001
case_Dir0_Ang0_Spd19p4.out,19.400000000000002,4999.907154642268,335.9633218339083,0.11688299790643912,20001
case_Dir0_Ang0_Spd19p5.out,19.5,4999.907604619769,334.81551922403884,0.11529203174677745,20001
case_Dir0_Ang0_Spd19p6.out,19.599999999999998,4999.901104944753,333.61959902004895,0.11371096592557602,20001
case_Dir0_Ang0_Spd19p7.out,19.7,4999.902654867256,332.46944652767365,0.11217142148125242,20001
case_Dir0_Ang0_Spd19p8.out,19.8,4999.897555122244,331.3596870156492,0.11067059024003871,20001
case_Dir0_Ang0_Spd19p9.out,19.900000000000002,4999.908704564772,330.28160091995403,0.10920465811496669,20001
case_Dir0_Ang0_Spd1p0.out,1.0,0.0,18.325356055302237,0.0,20001
case_Dir0_Ang0_Spd1p1.out,1.0999999999999999,0.0,17.972515717894105,0.0,20001
case_Dir0_Ang0_Spd1p2.out,1.2,0.0,18.060132810819457,0.0,20001
case_Dir0_Ang0_Spd1p3.out,1.3,0.0,18.044740662966852,0.0,20001
case_Dir0_Ang0_Spd1p4.out,1.4000000000000001,0.0,18.54451317434128,0.0,20001
case_Dir0_Ang0_Spd1p5.out,1.5,0.0,18.96245222738863,0.0,20001
case_Dir0_Ang0_Spd1p6.out,1.5999999999999999,0.0,20.673097345132742,0.0,20001
case_Dir0_Ang0_Spd1p7.out,1.7,0.0,23.925755712214393,0.0,20001
case_Dir0_Ang0_Spd1p8.out,1.8,0.0,26.231285935703212,0.0,20001
case_Dir0_Ang0_Spd1p9.out,1.9000000000000001,0.0,28.296354182290887,0.0,20001
case_Dir0_Ang0_Spd20p0.out,20.0,4999.899105044748,329.175611219439,0.10775330375896808,20001
case_Dir0_Ang0_Spd20p1.out,20.099999999999998,4999.897755112244,327.9864506774661,0.10629839903177893,20001
case_Dir0_Ang0_Spd20p2.out,20.2,4999.8938053097345,326.764421778911,0.1048564042560126,20001
case_Dir0_Ang0_Spd20p3.out,20.3,4999.905804709764,325.63915304234786,0.10346833869729383,20001
case_Dir0_Ang0_Spd20p4.out,20.400000000000002,4999.898655067247,324.49600019999,0.10209675725872494,20001
case_Dir0_Ang0_Spd20p5.out,20.5,4999.890555472226,323.4282035898205,0.10077042769604744,20001
case_Dir0_Ang0_Spd20p6.out,20.599999999999998,4999.89630518474,322.39496025198736,0.09947563928098162,20001
case_Dir0_Ang0_Spd20p7.out,20.7,4999.896655167242,321.2728813559322,0.0981739607811069,20001
case_Dir0_Ang0_Spd20p8.out,20.8,4999.906604669766,320.12122893855303,0.09688370551002662,20001
case_Dir0_Ang0_Spd20p9.out,20.900000000000002,4999.902604869757,319.0602469876506,0.0956407691730948,20001
case_Dir0_Ang0_Spd21p0.out,21.0,4999.876406179691,317.96597670116495,0.09440717399735558,20001
case_Dir0_Ang0_Spd21p1.out,21.099999999999998,4999.877256137193,316.9646867656617,0.09321995837195526,20001
case_Dir0_Ang0_Spd21p2.out,21.2,4999.880805959702,316.0095845207739,0.09206434515400365,20001
case_Dir0_Ang0_Spd21p3.out,21.3,4999.859357032148,315.0656467176641,0.09092949535060071,20001
case_Dir0_Ang0_Spd21p4.out,21.400000000000002,4999.869756512175,314.1508424578771,0.08982011719101668,20001
case_Dir0_Ang0_Spd21p5.out,21.5,4999.882305884706,313.1881155942203,0.08871382183248272,20001
case_Dir0_Ang0_Spd21p6.out,21.599999999999998,4999.856957152142,312.25573221338936,0.08763263139781945,20001
case_Dir0_Ang0_Spd21p7.out,21.699999999999996,4999.853307334633,311.25692215389233,0.08654908608559583,20001
case_Dir0_Ang0_Spd21p8.out,21.800000000000004,4999.881705914704,310.3672916354182,0.08551176973395364,20001
case_Dir0_Ang0_Spd21p9.out,21.900000000000002,4999.903304834758,309.5818509074546,0.08451819200127501,20001
case_Dir0_Ang0_Spd22p0.out,22.0,4999.8762061896905,308.59522523873807,0.08348467788678497,20001
case_Dir0_Ang0_Spd22p1.out,22.099999999999998,4999.897705114744,307.6949102544873,0.08248950554873484,20001
case_Dir0_Ang0_Spd22p2.out,22.199999999999996,4999.888805559722,306.8672716364182,0.0815281445302777,20001
case_Dir0_Ang0_Spd22p3.out,22.300000000000004,4999.893855307235,305.98561071946403,0.08056644728197553,20001
case_Dir0_Ang0_Spd22p4.out,22.400000000000002,4999.907354632269,305.1316534173291,0.07962586459702908,20001
case_Dir0_Ang0_Spd22p5.out,22.5,4999.9114044297785,304.32866356682166,0.07871196563991859,20001
case_Dir0_Ang0_Spd22p6.out,22.599999999999998,4999.911554422279,303.5369631518424,0.07781398229481763,20001
case_Dir0_Ang0_Spd22p7.out,22.699999999999996,4999.910554472276,302.77511624418776,0.07693631842695249,20001
case_Dir0_Ang0_Spd22p8.out,22.800000000000004,4999.908954552272,302.0812559372031,0.07608814908497845,20001
case_Dir0_Ang0_Spd22p9.out,22.900000000000002,4999.915004249788,301.39993000349983,0.07525495801711558,20001
case_Dir0_Ang0_Spd23p0.out,23.0,4999.917204139793,300.7068446577671,0.07443043838014406,20001
case_Dir0_Ang0_Spd23p1.out,23.099999999999998,4999.923153842308,300.001589920504,0.07361435851427688,20001
case_Dir0_Ang0_Spd23p2.out,23.199999999999996,4999.924453777311,299.34465276736165,0.07282130714555164,20001
case_Dir0_Ang0_Spd23p3.out,23.300000000000004,4999.924953752313,298.675611219439,0.07203620982905705,20001
case_Dir0_Ang0_Spd23p4.out,23.400000000000002,4999.928753562322,298.02388380580965,0.07126598475754316,20001
case_Dir0_Ang0_Spd23p5.out,23.5,4999.914404279786,297.3608619569021,0.07050355529604704,20001
case_Dir0_Ang0_Spd23p6.out,0.0,0.0,0.0,0.0,0
case_Dir0_Ang0_Spd23p7.out,0.0,0.0,0.0,0.0,0
case_Dir0_Ang0_Spd23p8.out,0.0,0.0,0.0,0.0,0
case_Dir0_Ang0_Spd23p9.out,0.0,0.0,0.0,0.0,0
case_Dir0_Ang0_Spd24p0.out,0.0,0.0,0.0,0.0,0
case_Dir0_Ang0_Spd24p1.out,0.0,0.0,0.0,0.0,0
case_Dir0_Ang0_Spd24p2.out,0.0,0.0,0.0,0.0,0
case_Dir0_Ang0_Spd24p3.out,0.0,0.0,0.0,0.0,0
case_Dir0_Ang0_Spd24p4.out,0.0,0.0,0.0,0.0,0
case_Dir0_Ang0_Spd24p5.out,0.0,0.0,0.0,0.0,0
case_Dir0_Ang0_Spd24p6.out,0.0,0.0,0.0,0.0,0
case_Dir0_Ang0_Spd24p7.out,0.0,0.0,0.0,0.0,0
case_Dir0_Ang0_Spd24p8.out,0.0,0.0,0.0,0.0,0
case_Dir0_Ang0_Spd24p9.out,0.0,0.0,0.0,0.0,0
case_Dir0_Ang0_Spd25p0.out,0.0,0.0,0.0,0.0,0
case_Dir0_Ang0_Spd25p1.out,0.0,0.0,0.0,0.0,0
case_Dir0_Ang0_Spd25p2.out,0.0,0.0,0.0,0.0,0
case_Dir0_Ang0_Spd25p3.out,0.0,0.0,0.0,0.0,0
case_Dir0_Ang0_Spd25p4.out,0.0,0.0,0.0,0.0,0
case_Dir0_Ang0_Spd25p5.out,0.0,0.0,0.0,0.0,0
case_Dir0_Ang0_Spd25p6.out,0.0,0.0,0.0,0.0,0
case_Dir0_Ang0_Spd25p7.out,0.0,0.0,0.0,0.0,0
case_Dir0_Ang0_Spd25p8.out,0.0,0.0,0.0,0.0,0
case_Dir0_Ang0_Spd25p9.out,0.0,0.0,0.0,0.0,0
case_Dir0_Ang0_Spd26p0.out,0.0,0.0,0.0,0.0,0
case_Dir0_Ang0_Spd26p1.out,0.0,0.0,0.0,0.0,0
case_Dir0_Ang0_Spd26p2.out,0.0,0.0,0.0,0.0,0
case_Dir0_Ang0_Spd26p3.out,0.0,0.0,0.0,0.0,0
case_Dir0_Ang0_Spd26p4.out,0.0,0.0,0.0,0.0,0
case_Dir0_Ang0_Spd26p5.out,0.0,0.0,0.0,0.0,0
case_Dir0_Ang0_Spd26p6.out,0.0,0.0,0.0,0.0,0
case_Dir0_Ang0_Spd26p7.out,0.0,0.0,0.0,0.0,0
case_Dir0_Ang0_Spd26p8.out,0.0,0.0,0.0,0.0,0
case_Dir0_Ang0_Spd26p9.out,0.0,0.0,0.0,0.0,0
case_Dir0_Ang0_Spd27p0.out,0.0,0.0,0.0,0.0,0
case_Dir0_Ang0_Spd27p1.out,0.0,0.0,0.0,0.0,0
case_Dir0_Ang0_Spd27p2.out,0.0,0.0,0.0,0.0,0
case_Dir0_Ang0_Spd27p3.out,0.0,0.0,0.0,0.0,0
case_Dir0_Ang0_Spd27p4.out,0.0,0.0,0.0,0.0,0
case_Dir0_Ang0_Spd27p5.out,0.0,0.0,0.0,0.0,0
case_Dir0_Ang0_Spd27p6.out,0.0,0.0,0.0,0.0,0
case_Dir0_Ang0_Spd27p7.out,0.0,0.0,0.0,0.0,0
case_Dir0_Ang0_Spd27p8.out,0.0,0.0,0.0,0.0,0
case_Dir0_Ang0_Spd27p9.out,0.0,0.0,0.0,0.0,0
case_Dir0_Ang0_Spd28p0.out,0.0,0.0,0.0,0.0,0
case_Dir0_Ang0_Spd28p1.out,0.0,0.0,0.0,0.0,0
case_Dir0_Ang0_Spd28p2.out,0.0,0.0,0.0,0.0,0
case_Dir0_Ang0_Spd28p3.out,0.0,0.0,0.0,0.0,0
case_Dir0_Ang0_Spd28p4.out,0.0,0.0,0.0,0.0,0
case_Dir0_Ang0_Spd28p5.out,0.0,0.0,0.0,0.0,0
case_Dir0_Ang0_Spd28p6.out,0.0,0.0,0.0,0.0,0
case_Dir0_Ang0_Spd28p7.out,0.0,0.0,0.0,0.0,0
case_Dir0_Ang0_Spd28p8.out,0.0,0.0,0.0,0.0,0
case_Dir0_Ang0_Spd28p9.out,0.0,0.0,0.0,0.0,0
case_Dir0_Ang0_Spd29p0.out,0.0,0.0,0.0,0.0,0
case_Dir0_Ang0_Spd29p1.out,0.0,0.0,0.0,0.0,0
case_Dir0_Ang0_Spd29p2.out,0.0,0.0,0.0,0.0,0
case_Dir0_Ang0_Spd29p3.out,0.0,0.0,0.0,0.0,0
case_Dir0_Ang0_Spd29p4.out,0.0,0.0,0.0,0.0,0
case_Dir0_Ang0_Spd29p5.out,0.0,0.0,0.0,0.0,0
case_Dir0_Ang0_Spd29p6.out,0.0,0.0,0.0,0.0,0
case_Dir0_Ang0_Spd29p7.out,0.0,0.0,0.0,0.0,0
case_Dir0_Ang0_Spd29p8.out,0.0,0.0,0.0,0.0,0
case_Dir0_Ang0_Spd29p9.out,0.0,0.0,0.0,0.0,0
case_Dir0_Ang0_Spd2p0.out,2.0,0.0,30.707960601969898,0.0,20001
case_Dir0_Ang0_Spd2p1.out,2.1,0.0,35.347472626368685,0.0,20001
case_Dir0_Ang0_Spd2p2.out,2.1999999999999997,0.0,39.02744962751863,0.0,20001
case_Dir0_Ang0_Spd2p3.out,2.3000000000000003,0.0,42.395333733313336,0.0,20001
case_Dir0_Ang0_Spd2p4.out,2.4,0.0,47.31513774311284,0.0,20001
case_Dir0_Ang0_Spd2p5.out,2.5,0.001195938753062347,52.32139693015349,0.89,20001
case_Dir0_Ang0_Spd2p6.out,2.6,1.984615848322584,57.05558722063896,0.89,20001
case_Dir0_Ang0_Spd2p7.out,2.6999999999999997,8.838351232438379,60.59319134043297,0.89,20001
case_Dir0_Ang0_Spd2p8.out,2.8000000000000003,16.578216589170545,64.20701464926753,0.89,20001
case_Dir0_Ang0_Spd2p9.out,2.8999999999999995,24.80721213939303,67.91588520573971,0.89,20001
case_Dir0_Ang0_Spd30p0.out,0.0,0.0,0.0,0.0,0
case_Dir0_Ang0_Spd3p0.out,3.0,33.60449077546123,71.69405979701015,0.89,20001
case_Dir0_Ang0_Spd3p1.out,3.1000000000000005,43.07567471626419,75.54946102694865,0.89,20001
case_Dir0_Ang0_Spd3p2.out,3.1999999999999997,52.97505124743763,79.48904304784762,0.89,20001
case_Dir0_Ang0_Spd3p3.out,3.3000000000000003,63.53130243487826,83.50321883905804,0.89,20001
case_Dir0_Ang0_Spd3p4.out,3.4,74.91710964451778,87.60085095745214,0.89,20001
case_Dir0_Ang0_Spd3p5.out,3.5,86.72667966601671,91.7842037898105,0.89,20001
case_Dir0_Ang0_Spd3p6.out,3.6,99.41679366031698,96.05590320483977,0.89,20001
case_Dir0_Ang0_Spd3p7.out,3.6999999999999997,112.6798410079496,100.4125548722564,0.89,20001
case_Dir0_Ang0_Spd3p8.out,3.8000000000000003,126.98080595970202,104.85037098145092,0.89,20001
case_Dir0_Ang0_Spd3p9.out,3.9,142.11382430878456,109.36367681615918,0.89,20001
case_Dir0_Ang0_Spd4p0.out,4.0,158.16795660216988,113.95811709414528,0.89,20001
case_Dir0_Ang0_Spd4p1.out,4.1000000000000005,175.19910004499775,118.64017299135041,0.89,20001
case_Dir0_Ang0_Spd4p2.out,4.2,193.20254487275636,123.40840457977102,0.89,20001
case_Dir0_Ang0_Spd4p3.out,4.3,212.03641317934108,128.26334183290837,0.89,20001
case_Dir0_Ang0_Spd4p4.out,4.3999999999999995,231.86917654117295,133.19876006199692,0.89,20001
case_Dir0_Ang0_Spd4p5.out,4.5,252.59285035748212,138.2177191140443,0.89,20001
case_Dir0_Ang0_Spd4p6.out,4.6000000000000005,274.14774261286937,143.3245237738113,0.8868859592513612,20001
case_Dir0_Ang0_Spd4p7.out,4.7,296.6787110644468,148.5223638818059,0.8803575078550672,20001
case_Dir0_Ang0_Spd4p8.out,4.8,320.1851757412129,153.8209939503025,0.8741703537770317,20001
case_Dir0_Ang0_Spd4p9.out,4.8999999999999995,344.69032548372576,159.22152392380383,0.8683054993027506,20001
case_Dir0_Ang0_Spd5p0.out,5.0,370.2068996550172,164.71365931703417,0.86268558718017,20001
case_Dir0_Ang0_Spd5p1.out,5.1000000000000005,396.7528223588821,170.28361081945903,0.8572261953680146,20001
case_Dir0_Ang0_Spd5p2.out,5.2,424.29839008049606,175.92042397880107,0.8518684053025541,20001
case_Dir0_Ang0_Spd5p3.out,5.3,452.91745412729364,181.65970201489927,0.8467784434948975,20001
case_Dir0_Ang0_Spd5p4.out,5.3999999999999995,482.610439478026,187.48694565271737,0.8418727449491775,20001
case_Dir0_Ang0_Spd5p5.out,5.5,513.3542472876356,193.3869506524674,0.8370756751787695,20001
case_Dir0_Ang0_Spd5p6.out,5.6000000000000005,545.1743662816859,199.37041647917604,0.8324297586005918,20001
case_Dir0_Ang0_Spd5p7.out,5.700000000000001,578.0839558022099,205.45485225738713,0.8279986458765004,20001
case_Dir0_Ang0_Spd5p8.out,5.799999999999999,612.0733613319335,211.6336433178341,0.8237428475788277,20001
case_Dir0_Ang0_Spd5p9.out,5.8999999999999995,647.1751362431878,217.90014499275034,0.8196273300725044,20001
case_Dir0_Ang0_Spd6p0.out,6.0,683.381975901205,224.222398880056,0.815529037882217,20001
case_Dir0_Ang0_Spd6p1.out,6.1000000000000005,720.6997900104994,230.62198390080496,0.8115288601751709,20001
case_Dir0_Ang0_Spd6p2.out,6.200000000000001,759.132383380831,237.10123493825307,0.8076317287433461,20001
case_Dir0_Ang0_Spd6p3.out,6.299999999999999,798.7044397780111,243.64165291735415,0.8037729262946889,20001
case_Dir0_Ang0_Spd6p4.out,6.3999999999999995,839.4239138043099,250.25164241787908,0.7999814632372284,20001
case_Dir0_Ang0_Spd6p5.out,6.5,881.2869956502175,256.94830758462075,0.7963096589305264,20001
case_Dir0_Ang0_Spd6p6.out,6.6000000000000005,924.3050647467627,263.7419079046048,0.792782779146947,20001
case_Dir0_Ang0_Spd6p7.out,6.7,968.4991650417479,270.5876256187191,0.7892621237097553,20001
case_Dir0_Ang0_Spd6p8.out,6.8,1013.8725063746813,277.49276036198194,0.7857723941263702,20001
case_Dir0_Ang0_Spd6p9.out,6.8999999999999995,1060.4518274086295,284.4786560671966,0.7823740576963123,20001
case_Dir0_Ang0_Spd7p0.out,7.0,1108.2641867906605,291.5322783860807,0.7790287795972684,20001
case_Dir0_Ang0_Spd7p1.out,7.1000000000000005,1157.3394330283486,298.6768511574421,0.7757964750657486,20001
case_Dir0_Ang0_Spd7p2.out,7.2,1207.710414479276,305.9458827058647,0.7727563019938215,20001
case_Dir0_Ang0_Spd7p3.out,7.3,1259.4157292135394,313.3097745112745,0.7698234906329322,20001
case_Dir0_Ang0_Spd7p4.out,7.3999999999999995,1312.4925253737313,320.72786360681965,0.766895496271903,20001
case_Dir0_Ang0_Spd7p5.out,7.5,1366.9367531623418,328.25951702414875,0.764113257355958,20001
case_Dir0_Ang0_Spd7p6.out,7.6000000000000005,1422.8097095145242,335.8780260986951,0.7614078377815877,20001
case_Dir0_Ang0_Spd7p7.out,7.7,1480.1388930553471,343.59807509624517,0.7588085350643508,20001
case_Dir0_Ang0_Spd7p8.out,7.8,1538.96405179741,351.45393730313486,0.7563836682173302,20001
case_Dir0_Ang0_Spd7p9.out,7.8999999999999995,1599.5286235688216,359.3838808059597,0.7539930571964414,20001
case_Dir0_Ang0_Spd8p0.out,8.0,1664.174791260437,367.4552822358882,0.7517742675771556,20001
case_Dir0_Ang0_Spd8p1.out,8.1,1727.49992500375,376.4818509074546,0.7513407474698836,20001
case_Dir0_Ang0_Spd8p2.out,8.200000000000001,1791.2569371531424,385.74475776211193,0.751164860349003,20001
case_Dir0_Ang0_Spd8p3.out,8.299999999999999,1856.6122193890305,395.1179741012949,0.7509889329289123,20001
case_Dir0_Ang0_Spd8p4.out,8.4,1923.491225438728,404.5655067246638,0.7507463255765953,20001
case_Dir0_Ang0_Spd8p5.out,8.5,1991.9746012699366,414.1155192240388,0.7504929038115882,20001
case_Dir0_Ang0_Spd8p6.out,8.6,2062.0997950102496,423.80193490325485,0.7502896716310344,20001
case_Dir0_Ang0_Spd8p7.out,8.700000000000001,2133.81195940203,433.526018699065,0.7499625853308765,20001
case_Dir0_Ang0_Spd8p8.out,8.799999999999999,2207.1599920004,443.3751512424379,0.7496679439839765,20001
case_Dir0_Ang0_Spd8p9.out,8.9,2282.152842357882,453.32137393130347,0.7493576036990093,20001
case_Dir0_Ang0_Spd9p0.out,9.0,2358.8075596220187,463.35186240687955,0.7490120928289292,20001
case_Dir0_Ang0_Spd9p1.out,9.1,2437.145242737863,473.5078446077695,0.7486991310466826,20001
case_Dir0_Ang0_Spd9p2.out,9.200000000000001,2517.166391680416,483.74561271936403,0.7483492365328266,20001
case_Dir0_Ang0_Spd9p3.out,9.299999999999999,2598.953202339883,494.07895605219744,0.7479858719721083,20001
case_Dir0_Ang0_Spd9p4.out,9.4,2682.398030098495,504.470001499925,0.7475540075256644,20001
case_Dir0_Ang0_Spd9p5.out,9.5,2767.5601719914002,514.9792460376981,0.7471459589683077,20001
case_Dir0_Ang0_Spd9p6.out,9.6,2854.499625018749,525.5845257737113,0.7467290371686537,20001
case_Dir0_Ang0_Spd9p7.out,9.700000000000001,2943.1590920453978,536.2225238738063,0.746215935634934,20001
case_Dir0_Ang0_Spd9p8.out,9.799999999999999,3033.5925703714815,547.010794460277,0.7457730420215128,20001
case_Dir0_Ang0_Spd9p9.out,9.9,3125.846357682116,557.8976501174941,0.7453273847294253,20001
